078/lj0302_001.xml	U.Gawa
078/lj0303_001.xml	T.Gawa
078/lj0304_001.xml	T.Gawa
078/lj0305_001.xml	T.Gawa
078/lj0306_001.xml	T.Gawa
079/lj0307_001.xml	Palden Lama
079/lj0308_001.xml	Palden Lama
079/lj0309_001.xml	Palden Lama
079/lj0310_001.xml	Palden Lama
079/lj0311_001.xml	Palden Lama
079/lj0312_001.xml	Palden Lama
079/lj0313_001.xml	Palden Lama
079/lj0313_002.xml	Palden Lama
079/lj0313_003.xml	Palden Lama
080/lj0313_004.xml	K gyaltsen
080/lj0314_001.xml	K gyaltsen
080/lj0315_001.xml	K gyaltsen
080/lj0316_001.xml	K gyaltsen
081/lj0317_001.xml	T.Gawa
081/lj0318_001.xml	T.Gawa
081/lj0319_001.xml	T.Gawa
081/lj0320_001.xml	T.Gawa
082/lj0321_001.xml	gelek
082/lj0322_001.xml	gelek
082/lj0322_002.xml	gelek
082/lj0323_001.xml	gelek
082/lj0323_002.xml	gelek
082/lj0323_003.xml	gelek
082/lj0324_001.xml	gelek
082/lj0324_002.xml	gelek
082/lj0324_003.xml	gelek
082/lj0324_004.xml	gelek
082/lj0325_001.xml	gelek
082/lj0325_002.xml	gelek
082/lj0326_001.xml	gelek
082/lj0326_002.xml	gelek
082/lj0327_001.xml	gelek
082/lj0327_002.xml	gelek
082/lj0328_001.xml	gelek
082/lj0329_001.xml	gelek
082/lj0330_001.xml	gelek
082/lj0331_001.xml	gelek
082/lj0332_001.xml	gelek
082/lj0333_001.xml	gelek
082/lj0334_001.xml	gelek
082/lj0334_002.xml	gelek
082/lj0335_001.xml	gelek
082/lj0336_001.xml	gelek
082/lj0336_002.xml	gelek
082/lj0337_001.xml	gelek
083/lj0338_001.xml	Palden Lama
083/lj0339_001.xml	Palden Lama
083/lj0340_001.xml	Palden Lama
083/lj0341_001.xml	Palden Lama
083/lj0342_001.xml	Palden Lama
083/lj0343_001.xml	Palden Lama
083/lj0344_001.xml	Palden Lama
083/lj0345_001.xml	Palden Lama
083/lj0346_001.xml	Palden Lama
083/lj0347_001.xml	Palden Lama
083/lj0348_001.xml	Palden Lama
083/lj0349_001.xml	Palden Lama
083/lj0350_001.xml	Palden Lama
083/lj0351_001.xml	Palden Lama
084/lj0352_001.xml	gelek
084/lj0353_001.xml	gelek
084/lj0354_001.xml	gelek
084/lj0355_001.xml	gelek
084/lj0356_001.xml	gelek
084/lj0357_001.xml	gelek
084/lj0358_001.xml	gelek
084/lj0359_001.xml	gelek
084/lj0359_002.xml	gelek
084/lj0359_003.xml	gelek
084/lj0360_001.xml	gelek
084/lj0361_001.xml	gelek
085/lj0362_001.xml	gelek
085/lj0363_001.xml	gelek
085/lj0364_001.xml	gelek
085/lj0365_001.xml	gelek
085/lj0366_001.xml	gelek
085/lj0367_001.xml	gelek
085/lj0368_001.xml	gelek
086/lj0369_001.xml	gelek
086/lj0370_001.xml	gelek
086/lj0371_001.xml	gelek
086/lj0372_001.xml	gelek
086/lj0373_001.xml	gelek
086/lj0374_001.xml	gelek
086/lj0375_001.xml	gelek
086/lj0376_001.xml	gelek
087/lj0377_001.xml	gelek
087/lj0378_001.xml	gelek
087/lj0379_001.xml	gelek
087/lj0380_001.xml	gelek
087/lj0381_001.xml	gelek
087/lj0382_001.xml	gelek
087/lj0383_001.xml	gelek
087/lj0384_001.xml	gelek
087/lj0385_001.xml	gelek
087/lj0386_001.xml	gelek
087/lj0387_001.xml	gelek
087/lj0388_001.xml	gelek
087/lj0389_001.xml	gelek
087/lj0390_001.xml	gelek
087/lj0391_001.xml	gelek
087/lj0392_001.xml	gelek
087/lj0393_001.xml	gelek
087/lj0394_001.xml	gelek
087/lj0395_001.xml	gelek
087/lj0396_001.xml	gelek
087/lj0397_001.xml	gelek
087/lj0398_001.xml	gelek
087/lj0399_001.xml	gelek
087/lj0400_001.xml	gelek
087/lj0401_001.xml	gelek
087/lj0402_001.xml	gelek
087/lj0403_001.xml	gelek
087/lj0404_001.xml	gelek
087/lj0405_001.xml	gelek
087/lj0406_001.xml	gelek
087/lj0407_001.xml	gelek
087/lj0408_001.xml	gelek
087/lj0409_001.xml	gelek
087/lj0410_001.xml	gelek
087/lj0411_001.xml	gelek
087/lj0412_001.xml	gelek
087/lj0413_001.xml	gelek
087/lj0414_001.xml	gelek
087/lj0415_001.xml	gelek
087/lj0416_001.xml	gelek
087/lj0417_001.xml	gelek
087/lj0418_001.xml	gelek
087/lj0419_001.xml	gelek
088/lj0420_001.xml	K gyaltsen
088/lj0421_001.xml	Gyaltsen
088/lj0422_001.xml	Gyaltsen
088/lj0423_001.xml	Gyaltsen
088/lj0424_001.xml	Gyaltsen
088/lj0425_001.xml	Gyaltsen
088/lj0426_001.xml	Gyaltsen
088/lj0427_001.xml	Gyaltsen
088/lj0428_001.xml	Gyaltsen
088/lj0429_001.xml	Gyaltsen
088/lj0430_001.xml	Gyaltsen
088/lj0431_001.xml	Gyaltsen
088/lj0432_001.xml	Gyaltsen
088/lj0433_001.xml	Gyaltsen
088/lj0434_001.xml	Gyaltsen
088/lj0435_001.xml	Gyaltsen
088/lj0436_001.xml	Gyaltsen
088/lj0437_001.xml	Gyaltsen
089/lj0438_001.xml	Gyaltsen
089/lj0439_001.xml	Gyaltsen
089/lj0440_001.xml	Gyaltsen
089/lj0441_001.xml	Gyaltsen
089/lj0442_001.xml	Gyaltsen
089/lj0443_001.xml	Gyaltsen
089/lj0444_001.xml	Gyaltsen
089/lj0445_001.xml	Gyaltsen
089/lj0446_001.xml	Gyaltsen
089/lj0447_001.xml	Gyaltsen
090/lj0448_001.xml	Gyaltsen
090/lj0449_001.xml	Gyaltsen
090/lj0450_001.xml	Gyaltsen
090/lj0451_001.xml	Gyaltsen
090/lj0452_001.xml	Gyaltsen
090/lj0453_001.xml	Gyaltsen
090/lj0454_001.xml	Gyaltsen
090/lj0455_001.xml	Gyaltsen
090/lj0456_001.xml	Gyaltsen
090/lj0457_001.xml	Gyaltsen
090/lj0458_001.xml	Gyaltsen
090/lj0459_001.xml	Gyaltsen
090/lj0460_001.xml	Gyaltsen
090/lj0461_001.xml	Gyaltsen
090/lj0462_001.xml	Gyaltsen
091/lj0463_001.xml	Gyaltsen
091/lj0463_002.xml	Gyaltsen
091/lj0463_003.xml	Gyaltsen
091/lj0463_004.xml	Gyaltsen
091/lj0463_005.xml	Gyaltsen
091/lj0463_006.xml	Gyaltsen
091/lj0463_007.xml	Gyaltsen
091/lj0463_008.xml	Gyaltsen
091/lj0463_009.xml	Gyaltsen
091/lj0464_001.xml	Gyaltsen
091/lj0465_001.xml	Gyaltsen
092/lj0466_001.xml	T.Gawa
092/lj0467_001.xml	T.Gawa
092/lj0468_001.xml	T.Gawa
092/lj0469_001.xml	T.Gawa
092/lj0470_001.xml	T.Gawa
092/lj0471_001.xml	T.Gawa
092/lj0472_001.xml	T.Gawa
092/lj0473_001.xml	T.Gawa
092/lj0474_001.xml	T.Gawa
093/lj0475_001.xml	T.Gawa
093/lj0476_001.xml	T.Gawa
093/lj0477_001.xml	T.Gawa
093/lj0478_001.xml	T.Gawa
093/lj0479_001.xml	T.Gawa
093/lj0480_001.xml	T.Gawa
093/lj0481_001.xml	T.Gawa
094/lj0482_001.xml	T.Gawa
094/lj0483_001.xml	T.Gawa
094/lj0484_001.xml	T.Gawa
094/lj0485_001.xml	T.Gawa
094/lj0486_001.xml	T.Gawa
094/lj0487_001.xml	T.Gawa
094/lj0488_001.xml	T.Gawa
094/lj0489_001.xml	T.Gawa
094/lj0490_001.xml	T.Gawa
095/lj0491_001.xml	T.Gawa
095/lj0492_001.xml	T.Gawa
095/lj0493_001.xml	T.Gawa
095/lj0494_001.xml	T.Gawa
095/lj0495_001.xml	T.Gawa
095/lj0498_001.xml	T.Gawa
095/lj0499_001.xml	T.Gawa
095/lj0500_001.xml	T.Gawa
095/lj0501_001.xml	T.Gawa
095/lj0502_001.xml	T.Gawa
095/lj0503_001.xml	T.Gawa
095/lj0504_001.xml	T.Gawa
095/lj0505_001.xml	T.Gawa
095/lj0506_001.xml	T.Gawa
095/lj0509_001.xml	T.Gawa
095/lj0511_001.xml	T.Gawa
095/lj0512_001.xml	T.Gawa
095/lj0513_001.xml	T.Gawa
095/lj0514_001.xml	T.Gawa
095/lj0515_001.xml	T.Gawa
095/lj0516_001.xml	T.Gawa
095/lj0516_002.xml	T.Gawa
095/lj0516_003.xml	T.Gawa
095/lj0516_004.xml	T.Gawa
095/lj0516_005.xml	T.Gawa
095/lj0516_006.xml	T.Gawa
095/lj0516_007.xml	T.Gawa
095/lj0516_008.xml	T.Gawa
095/lj0516_009.xml	T.Gawa
095/lj0516_010.xml	T.Gawa
095/lj0516_011.xml	T.Gawa
095/lj0516_012.xml	T.Gawa
095/lj0516_013.xml	T.Gawa
095/lj0516_014.xml	T.Gawa
096/lj0517_001.xml	Palden Lama
096/lj0518_001.xml	Palden Lama
096/lj0519_001.xml	Palden Lama
096/lj0520_001.xml	Palden Lama
096/lj0522_001.xml	Palden Lama
096/lj0524_001.xml	Palden Lama
096/lj0526_001.xml	Palden Lama
096/lj0527_001.xml	Palden Lama
096/lj0528_001.xml	Palden Lama
096/lj0528_002.xml	Palden Lama
096/lj0528_003.xml	Palden Lama
096/lj0528_004.xml	Palden Lama
096/lj0528_005.xml	Palden Lama
096/lj0528_006.xml	Palden Lama
096/lj0528_007.xml	Palden Lama
096/lj0528_008.xml	Palden Lama
096/lj0528_009.xml	Palden Lama
096/lj0528_010.xml	Palden Lama
096/lj0529_001.xml	Palden Lama
096/lj0529_002.xml	Palden Lama
096/lj0529_003.xml	Palden Lama
096/lj0529_004.xml	Palden Lama
096/lj0529_005.xml	Palden Lama
096/lj0529_006.xml	Palden Lama
096/lj0529_007.xml	Palden Lama
096/lj0529_008.xml	Palden Lama
096/lj0529_009.xml	Palden Lama
096/lj0529_010.xml	Palden Lama
097/lj0530_001.xml	Palden Lama
097/lj0530_002.xml	Palden Lama
097/lj0530_003.xml	Palden Lama
097/lj0530_004.xml	Palden Lama
097/lj0530_005.xml	Palden Lama
097/lj0531_001.xml	Palden Lama
097/lj0532_001.xml	Palden Lama
097/lj0533_001.xml	Palden Lama
097/lj0534_001.xml	Palden Lama
097/lj0535_001.xml	Palden Lama
097/lj0536_001.xml	Palden Lama
097/lj0537_001.xml	Palden Lama
097/lj0538_001.xml	Palden Lama
097/lj0539_001.xml	Palden Lama
097/lj0540_001.xml	Palden Lama
097/lj0541_001.xml	Palden Lama
097/lj0542_001.xml	Palden Lama
097/lj0543_001.xml	Palden Lama
097/lj0544_001.xml	Palden Lama
097/lj0545_001.xml	Palden Lama
097/lj0546_001.xml	Palden Lama
097/lj0547_001.xml	Palden Lama
097/lj0548_001.xml	Palden Lama
097/lj0549_001.xml	Palden Lama
097/lj0550_001.xml	Palden Lama
097/lj0551_001.xml	Palden Lama
097/lj0552_001.xml	Palden Lama
097/lj0553_001.xml	Palden Lama
097/lj0554_001.xml	Palden Lama
097/lj0555_001.xml	Palden Lama
097/lj0556_001.xml	Palden Lama
097/lj0557_001.xml	Palden Lama
097/lj0558_001.xml	Palden Lama
097/lj0559_001.xml	Palden Lama
097/lj0560_001.xml	Palden Lama
097/lj0561_001.xml	Palden Lama
097/lj0562_001.xml	Palden Lama
097/lj0563_001.xml	Palden Lama
097/lj0564_001.xml	Palden Lama
097/lj0566_001.xml	Palden Lama
097/lj0568_001.xml	Palden Lama
097/lj0569_001.xml	Palden Lama
097/lj0570_001.xml	Palden Lama
097/lj0571_001.xml	Palden Lama
097/lj0572_001.xml	Palden Lama
097/lj0573_001.xml	Palden Lama
097/lj0574_001.xml	Palden Lama
097/lj0575_001.xml	Palden Lama
097/lj0578_001.xml	Palden Lama
097/lj0581_001.xml	Palden Lama
097/lj0582_001.xml	Palden Lama
097/lj0586_001.xml	Palden Lama
097/lj0587_001.xml	Palden Lama
097/lj0590_001.xml	Palden Lama
097/lj0593_001.xml	Palden Lama
097/lj0596_001.xml	Palden Lama
097/lj0599_001.xml	Palden Lama
097/lj0600_001.xml	Palden Lama
097/lj0604_001.xml	Palden Lama
097/lj0609_001.xml	Palden Lama
097/lj0612_001.xml	Palden Lama
097/lj0615_001.xml	Palden Lama
097/lj0619_001.xml	Palden Lama
097/lj0623_001.xml	Palden Lama
097/lj0626_001.xml	Palden Lama
097/lj0628_001.xml	Palden Lama
097/lj0629_001.xml	Palden Lama
097/lj0633_001.xml	Palden Lama
097/lj0638_001.xml	Palden Lama
098/lj0639_001.xml	Palden Lama
098/lj0640_001.xml	Palden Lama
098/lj0641_001.xml	Palden Lama
098/lj0642_001.xml	Palden Lama
098/lj0643_001.xml	Palden Lama
098/lj0644_001.xml	Palden Lama
098/lj0646_001.xml	Palden Lama
098/lj0647_001.xml	Palden Lama
098/lj0648_001.xml	Palden Lama
098/lj0649_001.xml	Palden Lama
098/lj0650_001.xml	Palden Lama
098/lj0651_001.xml	Palden Lama
098/lj0652_001.xml	Palden Lama
098/lj0653_001.xml	Palden Lama
098/lj0655_001.xml	Palden Lama
098/lj0656_001.xml	Palden Lama
098/lj0657_001.xml	Palden Lama
098/lj0658_001.xml	Palden Lama
098/lj0659_001.xml	Palden Lama
098/lj0660_001.xml	Palden Lama
098/lj0661_001.xml	Palden Lama
098/lj0662_001.xml	Palden Lama
098/lj0663_001.xml	Palden Lama
098/lj0664_001.xml	Palden Lama
098/lj0665_001.xml	Palden Lama
098/lj0666_001.xml	Palden Lama
098/lj0667_001.xml	Palden Lama
098/lj0668_001.xml	Palden Lama
098/lj0669_001.xml	Palden Lama
098/lj0670_001.xml	Palden Lama
098/lj0671_001.xml	Palden Lama
098/lj0672_001.xml	Palden Lama
098/lj0673_001.xml	Palden Lama
098/lj0674_001.xml	Palden Lama
098/lj0675_001.xml	Palden Lama
098/lj0676_001.xml	Palden Lama
098/lj0677_001.xml	Palden Lama
098/lj0678_001.xml	Palden Lama
098/lj0679_001.xml	Palden Lama
098/lj0680_001.xml	Palden Lama
098/lj0681_001.xml	Palden Lama
098/lj0682_001.xml	Palden Lama
098/lj0683_001.xml	Palden Lama
098/lj0684_001.xml	Palden Lama
098/lj0685_001.xml	Palden Lama
098/lj0686_001.xml	Palden Lama
098/lj0687_001.xml	Palden Lama
098/lj0688_001.xml	Palden Lama
098/lj0689_001.xml	Palden Lama
098/lj0690_001.xml	Palden Lama
098/lj0691_001.xml	Palden Lama
098/lj0692_001.xml	Palden Lama
098/lj0693_001.xml	Palden Lama
098/lj0694_001.xml	Palden Lama
098/lj0695_001.xml	Palden Lama
098/lj0696_001.xml	Palden Lama
098/lj0697_001.xml	Palden Lama
098/lj0698_001.xml	Palden Lama
098/lj0699_001.xml	Palden Lama
098/lj0700_001.xml	Palden Lama
098/lj0701_001.xml	Palden Lama
098/lj0703_001.xml	Palden Lama
098/lj0704_001.xml	Palden Lama
098/lj0705_001.xml	Palden Lama
098/lj0708_001.xml	Palden Lama
098/lj0709_001.xml	Palden Lama
098/lj0710_001.xml	Palden Lama
098/lj0711_001.xml	Palden Lama
098/lj0712_001.xml	Palden Lama
098/lj0714_001.xml	Palden Lama
098/lj0715_001.xml	Palden Lama
098/lj0716_001.xml	Palden Lama
098/lj0717_001.xml	Palden Lama
098/lj0718_001.xml	Palden Lama
098/lj0719_001.xml	Palden Lama
099/lj0720_001.xml	Gyaltsen
099/lj0720_002.xml	Gyaltsen
099/lj0720_003.xml	Gyaltsen
099/lj0720_004.xml	Gyaltsen
099/lj0720_005.xml	Gyaltsen
099/lj0720_006.xml	Gyaltsen
099/lj0720_007.xml	Gyaltsen
099/lj0720_008.xml	Gyaltsen
099/lj0720_009.xml	Gyaltsen
099/lj0720_010.xml	Gyaltsen
099/lj0720_011.xml	Gyaltsen
099/lj0720_012.xml	Gyaltsen
099/lj0720_013.xml	Gyaltsen
099/lj0720_014.xml	Gyaltsen
099/lj0720_015.xml	Gyaltsen
099/lj0720_016.xml	Gyaltsen
099/lj0720_017.xml	Gyaltsen
099/lj0720_018.xml	Gyaltsen
099/lj0720_019.xml	Gyaltsen
099/lj0720_020.xml	Gyaltsen
099/lj0720_021.xml	Gyaltsen
099/lj0720_022.xml	Gyaltsen
099/lj0720_023.xml	Gyaltsen
099/lj0720_024.xml	Gyaltsen
099/lj0721_001.xml	Gyaltsen
099/lj0722_001.xml	Gyaltsen
099/lj0723_001.xml	Gyaltsen
099/lj0724_001.xml	Gyaltsen
100/lj0725_001.xml	gelek
100/lj0726_001.xml	gelek
100/lj0727_001.xml	gelek
100/lj0728_001.xml	gelek
100/lj0729_001.xml	gelek
100/lj0730_001.xml	gelek
100/lj0731_001.xml	gelek
100/lj0732_001.xml	gelek
100/lj0733_001.xml	gelek
100/lj0734_001.xml	gelek
100/lj0735_001.xml	gelek
100/lj0736_001.xml	gelek
100/lj0737_001.xml	gelek
100/lj0738_001.xml	gelek
100/lj0739_001.xml	gelek
100/lj0740_001.xml	gelek
100/lj0741_001.xml	gelek
100/lj0742_001.xml	gelek
100/lj0743_001.xml	gelek
100/lj0744_001.xml	gelek
100/lj0745_001.xml	gelek
100/lj0746_001.xml	gelek
100/lj0747_001.xml	gelek
100/lj0748_001.xml	gelek
100/lj0749_001.xml	gelek
100/lj0751_001.xml	gelek
100/lj0752_001.xml	gelek
100/lj0753_001.xml	gelek
100/lj0754_001.xml	gelek
100/lj0755_001.xml	gelek
100/lj0756_001.xml	gelek
100/lj0757_001.xml	gelek
100/lj0757_002.xml	gelek
100/lj0757_003.xml	gelek
100/lj0757_004.xml	gelek
100/lj0757_005.xml	gelek
100/lj0757_006.xml	gelek
100/lj0757_007.xml	gelek
100/lj0757_008.xml	gelek
100/lj0757_009.xml	gelek
100/lj0757_010.xml	gelek
100/lj0757_011.xml	gelek
100/lj0757_012.xml	gelek
101/lj0758_001.xml	gelek
101/lj0759_001.xml	gelek
101/lj0760_001.xml	gelek
101/lj0761_001.xml	gelek
101/lj0762_001.xml	gelek
101/lj0763_001.xml	gelek
101/lj0764_001.xml	gelek
101/lj0765_001.xml	gelek
101/lj0766_001.xml	gelek
101/lj0767_001.xml	gelek
101/lj0768_001.xml	gelek
101/lj0769_001.xml	gelek
101/lj0770_001.xml	gelek
101/lj0771_001.xml	gelek
101/lj0772_001.xml	gelek
101/lj0773_001.xml	gelek
101/lj0774_001.xml	gelek
101/lj0775_001.xml	gelek
101/lj0776_001.xml	gelek
101/lj0777_001.xml	gelek
101/lj0778_001.xml	gelek
101/lj0780_001.xml	gelek
101/lj0781_001.xml	gelek
101/lj0782_001.xml	gelek
101/lj0783_001.xml	gelek
101/lj0784_001.xml	gelek
101/lj0785_001.xml	gelek
101/lj0786_001.xml	gelek
101/lj0787_001.xml	gelek
101/lj0788_001.xml	gelek
101/lj0789_001.xml	gelek
101/lj0790_001.xml	gelek
101/lj0791_001.xml	gelek
101/lj0792_001.xml	gelek
101/lj0793_001.xml	gelek
101/lj0794_001.xml	gelek
101/lj0795_001.xml	gelek
101/lj0796_001.xml	gelek
101/lj0797_001.xml	gelek
101/lj0798_001.xml	gelek
101/lj0799_001.xml	gelek
101/lj0800_001.xml	gelek
101/lj0802_001.xml	gelek
101/lj0803_001.xml	gelek
101/lj0805_001.xml	gelek
102/lj0746_001.xml	Gyaltsen
102/lj0746_002.xml	Gyaltsen
102/lj0746_003.xml	Gyaltsen
102/lj0746_004.xml	Gyaltsen
102/lj0747_001.xml	Gyaltsen
102/lj0747_002.xml	Gyaltsen
102/lj0747_003.xml	Gyaltsen
102/lj0747_004.xml	Gyaltsen
102/lj0747_005.xml	Gyaltsen
102/lj0747_006.xml	Gyaltsen
102/lj0747_007.xml	Gyaltsen
102/lj0747_008.xml	Gyaltsen
102/lj0747_009.xml	Gyaltsen
102/lj0747_010.xml	Gyaltsen
102/lj0748_001.xml	Gyaltsen
102/lj0748_002.xml	Gyaltsen
102/lj0748_003.xml	Gyaltsen
102/lj0748_004.xml	Gyaltsen
103/lj0749_001.xml	T.Gawa
103/lj0749_002.xml	T.Gawa
103/lj0749_003.xml	T.Gawa
103/lj0749_004.xml	T.Gawa
103/lj0749_005.xml	T.Gawa
103/lj0750_001.xml	T.Gawa
103/lj0750_002.xml	T.Gawa
103/lj0751_001.xml	T.Gawa
103/lj0751_002.xml	T.Gawa
103/lj0751_003.xml	T.Gawa
103/lj0752_001.xml	T.Gawa
103/lj0752_002.xml	T.Gawa
103/lj0752_003.xml	T.Gawa
103/lj0752_004.xml	T.Gawa
103/lj0752_005.xml	T.Gawa
103/lj0753_001.xml	T.Gawa
104/lj0754_001.xml	Palden Lama
104/lj0755_001.xml	Palden Lama
104/lj0756_001.xml	Palden Lama
104/lj0757_001.xml	Palden Lama
104/lj0757_002.xml	Palden Lama
104/lj0758_001.xml	Palden Lama
104/lj0758_002.xml	Palden Lama
104/lj0758_003.xml	Palden Lama
104/lj0759a_001.xml	Palden Lama
104/lj0759b_001.xml	Palden Lama
104/lj0759c_001.xml	Palden Lama
104/lj0759d_001.xml	Palden Lama
104/lj0759e_001.xml	Palden Lama
104/lj0759f_001.xml	Palden Lama
104/lj0759g_001.xml	Palden Lama
104/lj0759h_001.xml	Palden Lama
104/lj0760_001.xml	Palden Lama
104/lj0761_001.xml	Palden Lama
104/lj0762_001.xml	Palden Lama
105/lj0763_001.xml	Palden Lama
105/lj0763_002.xml	Palden Lama
105/lj0763_003.xml	Palden Lama
105/lj0763_004.xml	Palden Lama
105/lj0763_005.xml	Palden Lama
105/lj0763_006.xml	Palden Lama
105/lj0763_007.xml	Palden Lama
105/lj0763_008.xml	Palden Lama
105/lj0763_009.xml	Palden Lama
105/lj0763_010.xml	Palden Lama
105/lj0763_011.xml	Palden Lama
105/lj0763_012.xml	Palden Lama
105/lj0763_013.xml	Palden Lama
105/lj0763_014.xml	Palden Lama
105/lj0763_015.xml	Palden Lama
105/lj0763_016.xml	Palden Lama
105/lj0763_017.xml	Palden Lama
105/lj0763_018.xml	Palden Lama
105/lj0763_019.xml	Palden Lama
105/lj0763_020.xml	Palden Lama
105/lj0763_021.xml	Palden Lama
105/lj0763_022.xml	Palden Lama
105/lj0763_023.xml	Palden Lama
105/lj0763_024.xml	Palden Lama
105/lj0763_025.xml	Palden Lama
106/lj0764_001.xml	gelek
106/lj0765_001.xml	gelek
106/lj0765_002.xml	gelek
106/lj0765_003.xml	gelek
106/lj0765_004.xml	gelek
106/lj0766_001.xml	gelek
106/lj0771_001.xml	gelek
106/lj0777_001.xml	gelek
106/lj0795_001.xml	gelek
106/lj0800_001.xml	gelek
106/lj0803_001.xml	gelek
106/lj0804_001.xml	gelek
106/lj0815_001.xml	gelek
106/lj0815_002.xml	gelek
106/lj0815_003.xml	gelek
106/lj0816_001.xml	gelek
106/lj0820_001.xml	gelek
106/lj0827_001.xml	gelek
106/lj0833_001.xml	gelek
106/lj0845_001.xml	gelek
107/lj0846_001.xml	Gyaltsen
107/lj0847_001.xml	Gyaltsen
107/lj0848_001.xml	Gyaltsen
107/lj0849_001.xml	Gyaltsen
107/lj0850_001.xml	Gyaltsen
107/lj0851_001.xml	Gyaltsen
107/lj0852_001.xml	Gyaltsen
107/lj0853_001.xml	Gyaltsen
107/lj0854_001.xml	Gyaltsen
107/lj0855_001.xml	Gyaltsen
107/lj0856_001.xml	Gyaltsen
107/lj0857_001.xml	Gyaltsen
107/lj0858_001.xml	Gyaltsen
107/lj0859_001.xml	Gyaltsen
107/lj0860_001.xml	Gyaltsen
107/lj0861_001.xml	Gyaltsen
107/lj0862_001.xml	Gyaltsen
108/lj1006_001.xml	Palden Lama
108/lj1006_002.xml	Palden Lama
108/lj1006_003.xml	Palden Lama
108/lj1006_004.xml	Palden Lama
108/lj1006_005.xml	Palden Lama
108/lj1006_006.xml	Palden Lama
108/lj1006_007.xml	Palden Lama
108/lj1006_008.xml	Palden Lama
109/lj1006_009.xml	T.Gawa
109/lj1006_010.xml	T.Gawa
109/lj1006_011.xml	T.Gawa
109/lj1006_012.xml	T.Gawa
109/lj1006_013.xml	T.Gawa
109/lj1006_014.xml	T.Gawa
110/lj1006_015.xml	Palden Lama
110/lj1006_016.xml	Palden Lama
110/lj1006_017.xml	Palden Lama
110/lj1006_018.xml	Palden Lama
111/lj1006_019.xml	T.Gawa
111/lj1006_020.xml	T.Gawa
111/lj1006_021.xml	T.Gawa
111/lj1006_022.xml	T.Gawa
111/lj1006_023.xml	T.Gawa
111/lj1006_024.xml	T.Gawa
111/lj1006_025.xml	T.Gawa
112/lj1006_026.xml	Palden Lama
112/lj1006_027.xml	Palden Lama
112/lj1006_028.xml	Palden Lama
112/lj1006_029.xml	Palden Lama
112/lj1006_030.xml	Palden Lama
112/lj1006_031.xml	Palden Lama
112/lj1006_032.xml	Palden Lama
112/lj1006_033.xml	Palden Lama
113/113.xml	Palden Lama
114/114.xml	Palden Lama